{
  "estimated_weight_kg" : 1448.369873046875,
  "confidence_high_pct" : 32.177734375,
  "timestamp" : "2026-05-27T01:28:47Z",
  "frame_index" : 4,
  "distance_m" : 1.490234375,
  "target_point" : [
    0.30758929252624512,
    0.094591856002807617,
    -1.1401171684265137
  ]
}