{
  "confidence_high_pct" : 31.142171859741211,
  "estimated_weight_kg" : 1578.6328125,
  "target_point" : [
    0.30758929252624512,
    0.094591856002807617,
    -1.1401171684265137
  ],
  "timestamp" : "2026-05-27T01:28:46Z",
  "frame_index" : 2,
  "distance_m" : 1.4953124523162842
}