{
  "estimated_weight_kg" : 1448.369873046875,
  "confidence_high_pct" : 33.152259826660156,
  "distance_m" : 1.4938476085662842,
  "target_point" : [
    0.30758929252624512,
    0.094591856002807617,
    -1.1401171684265137
  ],
  "frame_index" : 3,
  "timestamp" : "2026-05-27T01:28:46Z"
}