{
  "distance_m" : 1.5030273199081421,
  "target_point" : [
    0.30758929252624512,
    0.094591856002807617,
    -1.1401171684265137
  ],
  "timestamp" : "2026-05-27T01:28:46Z",
  "confidence_high_pct" : 29.911294937133789,
  "estimated_weight_kg" : 1578.6328125,
  "frame_index" : 1
}