{
  "target_point" : [
    0.30758929252624512,
    0.094591856002807617,
    -1.1401171684265137
  ],
  "frame_index" : 0,
  "estimated_weight_kg" : 1578.6328125,
  "confidence_high_pct" : 31.494140625,
  "timestamp" : "2026-05-27T01:28:46Z",
  "distance_m" : 1.5119140148162842
}