{
  "distance_m" : 2.3441405296325684,
  "frame_index" : 4,
  "timestamp" : "2026-05-27T01:27:09Z",
  "target_point" : [
    1.1757476329803467,
    -0.19549524784088135,
    -2.5183961391448975
  ],
  "estimated_weight_kg" : 903.32183837890625,
  "confidence_high_pct" : 45.180259704589844
}