{
  "frame_index" : 2,
  "confidence_high_pct" : 45.322669982910156,
  "target_point" : [
    1.1757476329803467,
    -0.19549524784088135,
    -2.5183961391448975
  ],
  "distance_m" : 2.3451170921325684,
  "timestamp" : "2026-05-27T01:27:09Z",
  "estimated_weight_kg" : 653.7833251953125
}