{
  "confidence_high_pct" : 45.245361328125,
  "frame_index" : 1,
  "target_point" : [
    1.1757476329803467,
    -0.19549524784088135,
    -2.5183961391448975
  ],
  "timestamp" : "2026-05-27T01:27:09Z",
  "distance_m" : 2.3472657203674316,
  "estimated_weight_kg" : 653.7833251953125
}