{
  "estimated_weight_kg" : 554.0513916015625,
  "timestamp" : "2026-05-27T01:27:09Z",
  "frame_index" : 0,
  "confidence_high_pct" : 46.917724609375,
  "target_point" : [
    1.1757476329803467,
    -0.19549524784088135,
    -2.5183961391448975
  ],
  "distance_m" : 2.3503906726837158
}